Movie,Actual_Revenue,Predicted_Revenue
Novocaine,2025238,23515082
Jimmy P.,30283,0
The Cave,15007991,56300553
I Spit on Your Grave,572809,0
The Black Dahlia,49111202,58668745
Coal Miner's Daughter,67182787,28239515
The Powerpuff Girls Movie,11411644,15135294
The Counselor,71009334,94982598
Henry's Crime,204940,0
G-Force,292817841,204024355
God's Not Dead 2,23507567,15962092
Promised Land,8138788,14400240
Primal Fear,102616183,94534625
Carrie,82394288,82213722
How to Lose a Guy in 10 Days,177371441,124353595
In the Land of Blood and Honey,303877,6904260
Borat: Cultural Learnings of America for Make Benefit Glorious Nation of Kazakhstan,261572744,132691534
The Good Dinosaur,331926147,405986223
The In-Laws,38200000,20415075
Miss Potter,35078241,53230840
Prom Night,14796236,17149484
99,6600000,18451039
Super,324138,34712554
Go,28451622,39747905
I Think I Love My Wife,13196245,31746715
Drop Dead Gorgeous,10571408,39536727
American Beauty,356296601,261245436
Paranormal Activity,193355800,100143336
The Heartbreak Kid,127766650,119193544
The Notebook,115603229,218710197
Unstoppable,167805466,219747766
Quartet,59520298,3730756
The Book of Henry,4219536,42483932
The Love Guru,41819064,105157592
The Rescuers,71215869,45119268
Flirting with Disaster,14702438,32112260
Lowriders,2403885,11985411
Under the Skin,5380251,0
White Noise,91196419,46247696
Paranormal Activity 3,205703818,53898993
The Breakfast Club,51525171,74514970
Armored,22942221,53546185
Serpico,29800000,43376044
Harry Potter and the Half-Blood Prince,933959197,1013622945
Little Fockers,310650585,173161465
The Sisterhood of the Traveling Pants,39053061,60888921
Phantom,1034589,0
Buffy the Vampire Slayer,16624456,53196211
Sur la Piste du Marsupilami,48600000,41152165
The Glass House,23619609,41005323
Friday the 13th Part 2,21722776,41583731
Crank,42931041,95927130
A Most Violent Year,12007070,6260406
Hey Ram,4900000,25306094
RoboCop 2,45681173,72313815
An American Tail,84542002,54254124
No Way Out,35509515,35108730
Cabin in the Sky,1606624,0
Dragnet,66673516,40472746
Session 9,373967,24274631
Sunset,4594452,5622817
Mambo Italiano,3031801,21078543
Gran Torino,269958228,235953354
Moonrise Kingdom,68263166,82206818
Pride & Prejudice,121147947,147739419
Lovely & Amazing,4186931,18731554
Airport,100489151,42207645
The Loft,10076790,0
The Name of the Rose,77200000,67761751
Everybody Wants Some!!,3400278,20747594
El Mariachi,2040920,38335088
House of 1000 Corpses,16829545,55410515
Jagal,444575,0
Hocus Pocus,39514713,24818904
Ridicule,2503829,3442289
Ma vie de courgette,292279,73040172
The Forest,40055439,18180224
Sinbad and the Eye of the Tiger,16000000,22366372
The Shawshank Redemption,28341469,184465280
Assassin's Creed,240697856,332296679
James and the Giant Peach,28921264,82280578
Superman Returns,391081192,358525280
Zookeeper,169852759,140551464
Groundhog Day,70906973,138228555
Norbit,95673607,83939181
Step Brothers,128107642,182801027
Kickboxer,14697005,28364510
This Is the End,126041322,171829422
The Punisher,54700105,79971056
Captain Ron,22518097,19006629
The Tree of Life,54674226,89594329
Singam,9700000,14657527
Freedom Writers,41170784,50283325
Away We Go,14899417,38789771
Unbreakable,248118121,294331245
Tenacious D in The Pick of Destiny,13405595,15366807
Johnson Family Vacation,31179516,39770913
Bordello of Blood,5600000,44169714
Love's Deadly Triangle: The Texas Cadet Murder,161001698,11464998
The Mudge Boy,62852,14023799
What If,7847000,0
Howl,617000,6771641
The Canyons,56825,5565051
BloodRayne,2405420,0
Road House,30050028,24981440
Safe Haven,97594140,80646180
Forever Fever,570000,13947953
The Lookout,5367030,45667105
A Nightmare on Elm Street 5: The Dream Child,22168359,48786473
Stitches,95000,0
Appaloosa,20211394,36700860
Being John Malkovich,22863596,42069229
Race,24804129,11252895
The Jackal,159330280,80829956
Grown Ups 2,246984278,201262095
Levity,209151,21333706
A Troll in Central Park,71368,35418704
Get on the Bus,5731103,13847678
Blast from the Past,40263020,61178082
Stolen Lives,7306,725664
The Final Destination,186167139,115453052
Elizabeth: The Golden Age,74237563,65913066
The Ides of March,75993061,78990470
Kama Sutra - A Tale of Love,4109095,18512944
A Mighty Wind,18750246,21905712
Dawn of the Dead,55000000,45044749
Pulse,29907685,81803127
Ice Age: Dawn of the Dinosaurs,886686817,378214397
Titan A.E.,36754634,71826225
Whisper,5285197,28584666
Paul Blart: Mall Cop 2,107597242,80921943
Frankenhooker,205068,7842047
Daylight,159212469,96785471
White Chicks,113086475,110933819
The Thing,19629760,57246434
Your Highness,26121638,52977149
Cheaper by the Dozen,190212113,131074438
The Pagemaster,13670688,62094754
Scary Movie 4,178262620,127479479
Secrets & Lies,13417292,41719804
Ben-Hur: A Tale of the Christ,9000000,837660
Trick,2049595,21787669
Gabbar Is Back,41000000,33171359
Black Gold,5446000,741072
The Incredibles,631442092,564440917
Death Wish 2,45000000,23059275
The In Crowd,5217498,18831258
"The Bread, My Sweet",1023156,14549696
Wag the Dog,64256513,50556274
Mio fratello ÃŒÂ¬ figlio unico,6463286,14529728
Man of Steel,662845518,1050409654
Swimming Pool,22441323,17646600
Avengers: Age of Ultron,1405403694,1264528432
Mud,21587700,4695773
The Quick and the Dead,18552460,94909249
Role Models,92380927,65266273
On Her Majesty's Secret Service,81974493,52138968
One Night Stand,2642983,24045900
Viva la libertÃŒÃ_,48125,0
Tough Guys Don't Dance,858250,6610540
Earth Girls Are Easy,3916303,2448650
Saw,103911669,150205538
Rabbit Hole,5129058,9551327
Shopgirl,11588205,32055635
Postcards from the Edge,39071603,42441359
Constantine,230884728,316697478
Terminal Velocity,16478900,12995320
Before the Devil Knows You're Dead,25005257,21284507
Woodlawn,14394097,52821614
Jarhead,96889998,196061282
Simply Irresistible,4398989,30194307
No End in Sight,1431623,16976562
Battle for the Planet of the Apes,8844595,22328390
Expelled: No Intelligence Allowed,7700000,28384555
Drona,3250000,54081717
Project X,100000000,108719464
The Invention of Lying,31912793,26898497
Butch Cassidy and the Sundance Kid,102308889,51483383
Pocketful of Miracles,5000000,23143594
The King and I,21300000,14378374
Cats & Dogs 2 : The Revenge of Kitty Galore,112483764,108833313
Dogville,16680836,54511853
Metropolis,650422,0
The Wiz,21049053,20738078
JCVD,276891,23915534
Psycho,37141130,58293916
A Quiet Passion,1864266,53517605
Los lunes al sol,146402,0
Leviathan,15704614,48063658
Airlift,32000000,37807178
Farewell to the King,2420917,27661298
Star Wars,775398007,317385494
Walking Tall,57223890,33887350
The Negotiator,44547681,143012323
Redacted,782102,7029954
The Cowboys,7500000,21238001
The Fall of the Roman Empire,4750000,30434009
Welcome Home Roscoe Jenkins,43650785,52542455
Dom durakov,57862,6744137
Goodbye Pork Pie,1400000,0
Get Out,252434250,167429697
Loose Cannons,5585154,59684360
A Low Down Dirty Shame,29392418,33866342
The Hills Have Eyes,25000000,35886632
This Is 40,88058786,115552179
Paper Heart,1296971,26593286
Stripes,85300000,47496383
Aftershock,58510,0
Scream,173046663,106318560
Atanarjuat,3786801,34263822
Emma,22231658,30216411
Leprechaun 2,2260622,13934291
The Elephant Man,26010864,28028084
Earth to Echo,45300000,7057964
Biker Boyz,23510601,27155819
Vicky Cristina Barcelona,96408652,67546072
Monsters,4242978,52408785
Raise Your Voice,14867514,16774335
Creepshow,21028755,32021822
AlienÃ¥_,159773545,222832572
The Green Berets,11000000,23111281
Tasogare Seibei,7338987,16908340
Confessions of a Dangerous Mind,33013805,66975732
Whiteout,12206028,56300213
Pitch Black,53187659,136741601
EuroTrip,20796847,96474116
Miss Congeniality,212000000,126643206
"Hello, My Name Is Doris",14444999,33430898
Accepted,38505009,64917997
Poltergeist,122200000,40375145
Dinner for Schmucks,86387857,138825937
RV,87528173,131693951
The Cannonball Run,72179579,52481110
The Unborn,76514050,65872516
Scream 3,161834276,105724559
Pandorum,20645327,50714955
True Lies,378882411,274692892
Taare Zameen Par,28430000,21767349
Adventureland,17164377,67680050
A Patch of Blue,6792000,187319
Camille Claudel 1915,115860,0
Flash Gordon,27107960,7671045
Hairspray,90450008,130659260
Piranha 3DD,8493728,1819396
Life After Beth,88273,0
Rambo III,189015611,114731964
Vampire in Brooklyn,19800000,46106359
Absolute Power,50068310,86424974
Sid & Nancy,2826523,12514645
Watchmen,185258983,558932717
E.T. the Extra-Terrestrial,792965326,239207695
Batman,411348924,243827789
From a Whisper to a Scream,1400000,5925692
Killers,98159963,158910644
Star Wars: Episode I - The Phantom Menace,924317558,677319236
The Lone Ranger,89289910,580769113
That Awkward Moment,26049082,62071483
Air Bud,23144499,34293512
Road Trip,119754278,88043376
The Invisible,26810113,48329902
Witness for the Prosecution,9000000,14375257
City By The Sea,22433915,37866117
Saw IV,139352633,86165238
Jackpot,43719,0
Bullet to the Head,9489829,39795964
Firewall,82800000,42984662
Coraline,124596398,165944311
Source Code,147332697,231627606
The Back-Up Plan,77477008,106538894
West Is West,3867000,2119457
Mission: Impossible III,397850012,436749685
The Object of My Affection,46905889,35074561
The Killing Fields,34700291,37354547
Demolition,1978592,31952629
Cube,501818,0
A Guy Thing,17432163,18462789
The Green Inferno,6833445,0
Finding Forrester,80049764,74989374
From Justin to Kelly,4922166,51040931
Underworld: Awakening,160112671,173604241
The Infiltrator,15436808,58140985
Snow White and the Huntsman,396600000,555200223
The Spy Who Loved Me,185438673,63586937
The Adventures of Pluto Nash,7103973,32857471
Most Wanted,11838218,14722213
Romeo Is Bleeding,3275585,23183237
Sleepless,32540674,32846786
Eye of the Dolphin,71904,0
Gandhi,77737889,142617960
The Twilight Saga: Breaking Dawn - Part 1,712171856,418116305
The Visual Bible: The Gospel of John,4069090,0
Black Dynamite,296557,341753
The Homesman,3442853,0
Oblivion,286168572,621702672
Devil in a Blue Dress,16140822,42487549
Legend of the Guardians: The Owls of Ga'Hoole,140073390,188234013
The Santa Clause 2,172855065,82645730
Fishtales,9216,47197648
"The Tulse Luper Suitcases, Part 1: The Moab Story",25800,0
Walk the Line,186438883,110023470
Speed Racer,93945766,171920971
Annie,133821816,89707879
Vantage Point,151161491,101592950
xXx,277448382,208400159
There Will Be Blood,77208711,118279097
Dead Silence,22217407,74464962
PokÃŒÂ©mon 3: The Movie,68411275,50477605
Losin' It,1246141,33172658
Jersey Boys,67347013,67285223
The Heat,158674180,189993857
Kicking & Screaming,56070433,74512310
Casablanca,10462500,0
Twisted,25195000,45681533
Matewan,1680358,8469018
Labor Day,20275812,12706494
Pirates,1641825,40864541
What to Expect When You're Expecting,79700000,84391562
The Guardian,55011732,117373650
Toy Story 3,1066969703,806233302
Rise of the Planet of the Apes,482860185,470392754
The Eagle,27122040,31664261
The Expendables 3,206172544,217481070
Stay Hungry,24854765,25998513
The Monuments Men,154984035,175515903
Alone in the Dark,8178569,12668010
Species,113374103,47787348
The Danish Girl,64191523,114533235
The Good Girl,16856124,36618276
Parrish,4200000,11165669
The River,11500000,19856109
Re-Animator,2023414,10974548
The Shaggy Dog,61112916,54117776
Clockstoppers,38793283,43395006
Red Sonja,6948633,13888856
Non-Stop,222809600,187734999
The Lucky One,99357138,62977856
The Angrez,300000,0
Percy Jackson & the Olympians: The Lightning Thief,226497209,347391266
Scanners,14225876,29757529
The Space Between Us,14793385,95875549
F.C. De Kampioenen: Kampioen zijn blijft plezant,7471304,740351
Shanghai Noon,56932305,143480295
Private Parts,41230799,62089498
Case 39,29000000,43288365
Hard Eight,222559,34076390
Catfish,3045943,28823660
The Spanish Prisoner,13835130,9456383
Psycho,32000000,0
The Color Purple,146292009,64044867
The Bone Collector,151493655,137405660
Tank Girl,4064495,10515994
Wanderlust,24159934,51612787
Na Kryuchke!,1957000,722856
L'Empire des loups,11875866,31426732
The Hangover Part II,254455986,439891921
Men in Black,589390539,497069459
Seraphim Falls,1196307,4784402
Bikini Spring Break,500000,0
Runaway Jury,80154140,94230325
The Tie That Binds,5780000,16049691
Reign of Fire,43061982,116558588
Defiance,51155219,92991822
The Time That Remains,753808,0
Geronimo: An American Legend,18635620,23694519
Poltergeist,95437994,78078356
Grand Hotel,2594000,8506560
Kingdom of the Spiders,17000000,23080100
Woo,8026971,0
The Craft,24769466,39826258
Mortal Kombat,122195920,81560395
Strangers on a Train,7000000,22291671
Mishima: A Life in Four Chapters,502758,18282475
The Godfather,245066411,183462553
Bedknobs and Broomsticks,17900000,18899859
MÃŒ_n som hatar kvinnor,104345682,73988409
Couples Retreat,171844840,135654208
Mrs. Winterbourne,10070000,21185607
Star Trek III: The Search for Spock,87000000,65909722
Post Grad,6405245,36365517
Three Fugitives,40590000,26299406
Confessions of a Dangerous Mind,33013805,66975732
Changing Lanes,94935764,81064456
Proof,7535331,43103698
Gone Girl,369330363,440596171
Sugar & Spice,13276953,23676754
Little Black Book,22034832,13352858
Mary and Max,1725381,0
Tomorrowland,209154322,556459392
Shooter,95696996,212560994
The Good Son,44456478,48677486
Galaxy Quest,90683916,110810944
(500) Days of Summer,60722734,194365422
Network,23689877,26031769
Edward Scissorhands,53000000,252660679
Aloha,26250020,52028952
Metropolis,95789342,28877646
The Jungle Book 2,135680000,69904744
FearDotCom,18902015,40347943
Cape Fear,182300000,99258551
Go Go Tales,907456,8097686
The Hangover Part III,362000072,387400313
Hannibal Rising,82169884,111197509
The Reaping,62771059,65941824
The Boy in the Striped Pyjamas,20416563,0
Jab We Met,4600000,19822668
Rear Window,36764313,0
Beverly Hills Cop,316360478,105886767
Kandagar,15172408,13342962
Parts Per Billion,15000000,0
Garv: Pride and Honour,11000000,7868260
Hotel Rwanda,38000000,37055278
Wishmaster,15719109,23243261
Home Alone 3,79082515,112277959
V for Vendetta,132511035,367223307
Keanu,20566327,50757817
Pete's Dragon,143695338,112126868
For Me and My Gal,4371000,8176058
The Rapture,1277401,16009180
A History of Violence,60740827,62970814
The Butterfly Effect,96060858,187788079
Gosford Park,87754044,40030979
Triple 9,12639297,21968214
Saturday Night Fever,237113184,44336427
Videocracy,1179676,4145573
Spartacus,60000000,129692168
Zootopia,1023784195,738990388
St. Vincent,54837234,72789800
Miss Julie,5000000,0
Coach Carter,76669806,74556067
17 Again,136267476,115175975
Interview with the Vampire,223664608,141270611
Once Bitten,10000000,25140144
Rocky V,119946358,87441796
Decoding Annie Parker,48390,0
Critters 2,3813293,30589691
The Awakening,209696,0
Waterworld,264218220,176430356
Batman Forever,336529144,195032463
Atithi Tum Kab Jaoge,5000000,5612301
Trading Places,90400000,105127019
Jack the Giant Slayer,197687603,466207769
The Boy Next Door,52425855,55299266
What Dreams May Come,71485043,83854389
Mannequin,42721196,31426338
Rocky II,200182160,92168812
Ondine,1644755,4848705
Marty,3000000,15012240
Ostrov Vezeniya,4803665,0
Kiss the Girls,60527873,67328418
Raw Deal,16209459,20222002
Sphinx,439564,13300418
The Town,154026136,185309475
Four Brothers,92374674,100146265
On Deadly Ground,49000000,76067813
Paranormal Activity: The Ghost Dimension,78096553,25090236
Eegah,3274,3748771
Four Weddings and a Funeral,254700832,69095919
Samba,151530,48112094
The Whole Ten Yards,26155781,52898585
Fat Pizza,7888102,22092664
Big Bully,2042530,27500865
The Phantom,17300889,33500106
Bolero,8914881,40081016
Cosmopolis,6063556,16292449
The Marrying Man,12454768,5807248
Catch and Release,16158487,50880812
Facing the Giants,10178331,13567612
Think Like a Man,96070507,11120083
Beyond the Mat,500000,15960744
Prince of Persia: The Sands of Time,335154643,381604983
Pumpkinhead,4385516,15142598
Silent House,13101672,10225366
The People vs. Larry Flynt,20300385,54263721
At Long Last Love,1500000,25127525
The World According to Garp,29712172,34161525
The Best Little Whorehouse in Texas,69701637,41830900
The Boss Baby,498814908,427122627
Marmaduke,83761844,65397880
"Mystery, Alaska",8888143,60020243
The Prince,266586800,7017353
Armed and Dangerous,15945534,30238789
Veronica Guerin,1569918,35798269
Mission to Mars,60874615,88051914
Bridget Jones's Baby,211952420,133827342
A View to a Kill,152427960,115490869
Maurice Richard,2019009,0
Marked for Death,46044400,40410263
Dracula: Prince of Darkness,364937,8312035
Half Nelson,4911725,20674913
Nick of Time,8175346,43413238
Vacancy,35300645,60559135
The Diary of a Teenage Girl,1477002,0
Extreme Ops,10959475,3872335
Star Wars: Episode II - Attack of the Clones,649398328,649506026
Thunderbirds,28283637,35853481
Fido,426224,15479768
Pure Luck,24941969,12769658
Over the Hedge,343397247,222838561
Black Christmas,21510851,36247088
Wazir,9200000,5935840
Return to the Blue Lagoon,2807854,0
Ghajini,76000000,44244597
The Adventures of Robin Hood,3981000,14728990
Parasite,7000000,8475583
Aftermath,3451,60632698
Magic in the Moonlight,51029361,51088472
The Thomas Crown Affair,124305181,95839105
The Omen,119188334,73048205
Legally Blonde,141774679,104806691
The Guest,2367161,0
The Possession,85446075,31353785
Paycheck,96269812,99407084
Cake,2360281,0
Devil's Due,36433975,20319152
Winnie the Pooh,14460000,67441117
Captive,2801508,11437580
Unfriended,62882090,10654275
Deep Blue Sea,73648228,109744902
The Great Debaters,30226144,43980104
By the Sea,3727746,0
Bad Teacher,216197492,129554460
Weekend,484592,1857113
Who Killed the Electric Car?,1678874,13294090
This Is Spinal Tap,4736202,45361160
Goosebumps,158162788,185262436
Talk Radio,3468572,6934177
The Gift,58978653,65751404
5 Flights Up,1020921,2009901
Laws of Attraction,30016165,46874640
Joe Dirt,30987695,28323903
Jurassic Park,920100000,464852289
Wizards,9000000,26236476
The Hateful Eight,155760117,311983504
The First Wives Club,116400000,42730764
Killer Elite,57777106,148335457
I Hope They Serve Beer in Hell,1429299,404687
The Sweet Hereafter,3263585,18810492
The Graduate,104945305,48099365
Jurassic World,1513528810,1139167046
Naqoyqatsi,13308,7785954
15 Minutes,56359980,193305110
From Here to Eternity,30500000,23537460
Flatliners,61489265,70827572
Vanilla Sky,203388341,185377840
Pinocchio,41323171,57261841
Saw III,163876815,95980320
A Nightmare on Elm Street,115664037,137137761
Terminator 2: Judgment Day,520000000,572962339
Knocked Up,219076518,172821451
The Lord of the Rings,30471420,37593432
PokÃŒÂ©mon 3: The Movie,68411275,50477605
A Clockwork Orange,26589000,77414705
Taken 2,376141306,252075435
Sarkar,5900000,7111831
Paris,23550000,22595937
Paris is Burning,3779620,13429812
The Blues Brothers,115229890,126426995
Bridge of Spies,165478348,252780533
The Darjeeling Limited,24377151,78660456
Diary of a Wimpy Kid,75700498,48614760
The Long Riders,15795189,18556320
The Extra Man,453079,10194024
The Constant Gardener,82466670,57237047
The Astronaut's Wife,19598588,111875830
"4 luni, 3 sÂ€Ã„ptÂ€Ã„mÃŒÂ¨ni Ã©Âªi 2 zile",1185783,20144734
Another Gay Movie,745327,6973631
Monsters vs Aliens,381509870,372525184
Casino Royale,41744718,36618852
Deadpool,783112979,242328599
Black Rose,855450,0
Big Eyes,28883511,103193170
Spectre,880674609,846754514
American Dreamz,7314027,43813493
A Home of Our Own,1703282,5300305
In the Valley of Elah,29541790,53464366
Premonition,84146832,61710917
The Master,28258060,56892476
Squeeze,10300,0
Tideland,566611,25576689
DOA: Dead or Alive,480314,0
The Charge of the Light Brigade,2736000,4006080
Oculus,44030246,21118306
After.Life,3606395,5101833
The Last of the Mohicans,75505856,97760688
I Still Know What You Did Last Summer,40002112,72430575
Clerks,3151130,36116734
Playing God,4000000,15377146
"You, Me and Dupree",130431368,125937123
Maximum Overdrive,7433663,39564557
The Little Vampire,13555988,4557261
Moms' Night Out,10429707,0
About Cherry,3003,7696979
Catch-22,24911670,33422953
Onegin,206128,0
SpaceCamp,9697739,2951417
Sunshine,32017803,147159840
Warcraft,433677183,397178751
Made of Honor,84601681,55070087
La Marche de l'empereur,127392239,41316088
Iron Man 3,1215439994,1164249337
Dirty Dancing: Havana Nights,27685016,23692631
The History Boys,13401952,24393775
The Incredible Hulk,163712074,459088079
The Pianist,120072577,128038977
The Hand that Rocks the Cradle,88036683,37958261
The Last Exorcism Part II,15179302,0
The Bounty,8613462,48805096
Collide,4811525,0
Penguins of Madagascar,373552094,393593866
G.I. Joe: Retaliation,371876278,445160255
She's All That,103166989,42536532
Aladdin,504050219,282912113
Little Man,101595121,87720713
Before I Fall,10025571,47646825
Mildred Pierce,5638000,24173024
The 6th Day,96085477,92648593
No Strings Attached,147780440,130647009
Underworld,95708457,237050271
Mission: Impossible - Rogue Nation,682330139,535046467
Baby Mama,63833449,77565474
The Magnificent Seven,4905000,21985780
Burke & Hare,4349187,1272013
Per qualche dollaro in piÃŒ_,15000000,23859296
Mars Attacks!,101371017,251823907
Cherry 2000,14000,7009725
Star!,14000000,25183708
2 Fast 2 Furious,236350661,257825326
Cry_Wolf,10047674,36324167
Wolfen,10626725,31714830
Romancing the Stone,86572238,69382662
Rush Hour 3,258022233,231651344
Shanghai Knights,88323487,145086184
The Lair of the White Worm,1189315,25521868
House on Haunted Hill,40846082,48310420
The Birth of a Nation,11000000,79835892
Split,276921998,194107367
Must Love Dogs,58405313,49730389
Frankenstein,12000000,29665940
Meet the Parents,330444045,224353202
Hearts in Atlantis,24185781,50519639
Centurion,6814789,29974440
Mr. Brooks,41637263,61528190
Resident Evil: Afterlife,300228084,197134586
Need for Speed,203277636,230439473
Starsky & Hutch,170268750,120784999
Hereafter,105197635,127308798
Metallica: Through the Never,7972967,15723268
Secretary,9304609,15210144
Te3n,4817642,0
The Gold Rush,2500000,6817491
The Queen,123384128,43149348
Kuch Kuch Hota Hai,15306000,38496458
Sherlock Holmes,524028679,558149726
Another 48 Hrs.,153518974,53962049
Wild Wild West,222104681,277690145
The Company,2281585,8020464
The Soloist,31720158,94134255
Drag Me to Hell,90810892,125444629
Flipped,1755212,44894693
Scarface,65884703,223265513
Albert Nobbs,5634828,0
Nadine,5669831,19504062
Fast Five,626137675,401527986
Unknown,3338228,24371657
Obitaemyy Ostrov,21834845,21752704
The Drop,19054534,11317611
Great Expectations,55494066,59571889
From Dusk Till Dawn,25836616,125679958
House of Usher,1450000,11897964
Reindeer Games,32168970,33708620
Hulk,245360480,244932402
Camilla,250993,1075897
Ghostbusters,229147509,350396803
The Red Violin,9495408,21106853
The Keep,3661757,20490397
About Schmidt,105834556,73369305
Tales from the Hood,12000000,17493011
The Music Never Stopped,253899,13392606
The Dark Tower,71000000,92586701
Bluffmaster!,7133082,30901292
Freaky Friday,110230332,117673365
Brown Sugar,27362712,25755308
Fun Size,11417362,34520512
The Martian,630161890,603659560
Concussion,50363790,93245656
Fifty Shades of Grey,571006128,308992311
The BFG,183345589,327889916
Final Destination 3,117719158,110551125
Alien: Covenant,232380243,324809143
The Texas Chainsaw Massacre,107071655,68334904
A Place Called Chiapas,229000,15248709
There Goes My Baby,123509,0
The Jungle Book,205843612,98070977
Trumbo,8235661,38760325
Land of the Lost,68688831,128931430
Rocky IV,300473716,131434566
Hobo with a Shotgun,748453,0
Dillinger,2000000,312382
Where the Heart Is,33771174,58951138
Dr. Strangelove or: How I Learned to Stop Worrying and Love the Bomb,9440272,49819703
The Mother,1062253,14254390
Phoonk,2760000,51857554
2012,769653595,827524496
The Dukes of Hazzard,110803676,65123211
Sherlock Holmes: A Game of Shadows,334615000,521103929
Moon,9760104,126744780
The Squid and the Whale,11098131,19291743
Intersection,21355893,14411230
Breakdown,50159144,77180365
Top Gun,356830601,153647160
55 Days at Peking,10000000,10257301
Space Truckers,1614266,0
Morning Glory,58785180,75580390
Camille Claudel 1915,115860,0
Nine 1/2 Weeks,6735922,35371819
The Guns of Navarone,28900000,33101558
Cellular,56422687,79818729
Knock Knock,6341684,0
The Patriot,215294342,228671125
Paradies: Liebe,24267,0
Cinderella Man,108539911,182210784
10 Cloverfield Lane,108286421,115077361
Local Color,32788,13278478
Louis C.K.: Live at the Beacon Theater,1000000,11565533
Lord of War,24127895,146551438
The Fourth Kind,42333295,47497453
The Count of Monte Cristo,75395048,94546374
The Bonfire of the Vanities,15691192,53904772
Running Scared,9500000,16554306
The Princess Diaries,165335153,161147668
Macbeth,12601706,5920224
The Thing,28128670,133175110
Harry Brown,10329747,26741799
City Slickers,179033791,55831349
Frailty,13110448,29815840
X-Men Origins: Wolverine,373062864,576651484
The Rose,29174648,13876875
Mary Reilly,12379402,33728911
The Godfather: Part III,136766062,207388485
Daddy Day Care,164433867,114118227
Beasts of No Nation,9077700,17040244
Left Behind,19682924,0
Mean Creek,603943,12509739
The Last Witch Hunter,146936910,188699721
From Beyond,1261000,24485946
Jane Got a Gun,1397284,6120048
Bon Cop Bad Cop,12671300,18273915
Shalako,2620000,14499560
American Gigolo,22743674,34770554
Australia,49554002,190144164
At Close Range,2347000,0
Weekend at Bernie's,30218387,31350899
Sixteen Candles,23686027,52255207
The Man from Snowy River,20659423,18028769
Gabbar Singh,16000000,1224004
Rockstar,19660000,0
Die Another Day,431971116,249755594
Men of Honor,48814909,76335374
Notorious,24464742,21347604
Wild Child,21972336,81889600
Rubber,98017,0
Night of the Living Dead,30000000,28977519
The Texas Chain Saw Massacre,30859000,24321373
Original Gangstas,3014000,1675965
Mar adentro,38535221,31301225
Ratchet & Clank,8821329,22443847
Swingers,4505922,31594020
Confessions of a Dangerous Mind,33013805,66975732
Boys on the Side,23450000,33036725
Casper,287928194,166317292
Going in Style,84618541,100025760
Hanging Up,36037909,39142713
Tangerine,702354,26993276
Amores perros,20908467,38079725
The Rescuers Down Under,47431461,100498530
The Hunt for Red October,199200000,140092071
Get Carter,19412993,16621663
Straight Outta Compton,201634991,166501750
Entrapment,212404396,105877713
Cocoon: The Return,25024919,15123441
Bulworth,29202884,43540919
Race to Witch Mountain,106303988,112967427
Trainwreck,140795793,139169958
Room,35401758,0
Peeping Tom,83957,4285085
K-PAX,50315140,88347747
The Ballad of Cable Hogue,5000000,16592183
Love! Valour! Compassion!,2900000,0
Ballistic: Ecks vs. Sever,19924033,0
Porky's,125728258,35099138
Na Igre 2. Novyy Uroven,2294357,62251061
The American,65464324,49130431
Bambi,267447150,68461750
Pride and Prejudice and Zombies,16374328,78853065
Like Dandelion Dust,352810,0
Lucas,8200000,26153004
Bring It On,90449929,106481139
Mine vaganti,8220215,7662488
Killer Joe,3665069,14647441
Confessions of a Dangerous Mind,33013805,66975732
Sabrina,10000000,29836174
Zodiac,84785914,308739773
Tommy,34251525,22244373
The Jacket,21126225,34422809
Moneyball,110206216,156250891
Stolen,2106557,58442132
Phantasm II,7282851,24223254
The Sitter,34942188,34688848
Swiss Army Man,4210454,45349762
Body of Lies,113280098,154186730
Human Nature,705308,24975288
White Squall,10300000,65645626
Kelly's Heroes,5200000,42096769
Moby Dick,10400000,22661969
Birdman of Alcatraz,3100000,33342440
The Rock,335062621,263240051
Igby Goes Down,4777465,31518384
Deconstructing Harry,10686841,30929313
War,40452643,55590692
Million Dollar Baby,216763646,213544782
Billu,10000000,16422414
The Valley of Decision,9132000,7804899
Little Shop of Horrors,38748395,55589227
Mindhunters,21148829,43013889
Year One,62357900,103794103
Kung Fu Panda,631744560,500657784
Everything is Illuminated,2697930,35335471
Mulholland Drive,20117339,30811364
Major Dundee,14873,19088048
Jaws 3-D,87987055,74117715
Going the Distance,42045846,24883493
Lethal Weapon 3,321731527,125327005
A Few Good Men,243240178,118002187
Sex Drive,18755936,61058781
Species II,19165560,0
Zid,1268395,4960839
Righteous Kill,73174566,80135575
Touch of Evil,2247465,16019897
Tammy,100525432,37499808
Captain Fantastic,5879736,0
Beverly Hills Chihuahua,149281606,74489551
Standing Still,12762,14809807
Heavenly Creatures,3049135,49401955
"Pink Ribbons, Inc.",25000,0
Music of the Heart,14859394,31722295
Domino,22944502,110732018
47 Meters Down,44235023,41809831
Sea of Love,110879513,41053658
Highlander,5900000,38178010
Bulletproof,807947,0
Moonraker,210308099,79498403
The Dilemma,67112664,91403019
Felix The Cat: The Movie,1964253,7758962
The Muppets,165184237,124797105
Hannibal,351692268,229734238
Rane,150000,0
Annie Get Your Gun,8000000,7840963
Kingsman: The Secret Service,414351546,508068923
Stardust,135560026,209698714
The Vatican Tapes,1784763,24115682
Brainstorm,10219460,14622350
27 Dresses,160259319,135180789
Highway to Hell,26055,13081752
Wreck-It Ralph,471222889,731728013
Extract,10848783,27847491
The Big Wedding,21819348,77963591
Song to Song,443684,24130902
The Color of Money,52293982,52950797
Marathon Man,21709020,27870007
Equilibrium,5359645,69512432
Earthquake,79666653,30480674
The Prince of Tides,74787599,45957209
Fifty Shades of Black,21164799,46511265
Rangeela,14000000,27188618
The Adventurer: The Curse of the Midas Box,6399,0
The Invasion,15071514,70371101
They Live,13008928,42589960
Ghostbusters,295212467,197229035
Paradise,18634643,10108386
Bee Season,6856989,4245447
The Wolf of Wall Street,392000694,572930290
About a Boy,129000000,110755386
Salton Sea,676698,13298356
Superman,300218018,188019352
The Bad News Bears,35323292,37203055
The Neon Demon,1333124,1916736
Casino,116112375,220749846
Demolition Man,159055768,137207974
Lawless,53676580,58292749
Om Shanti Om,37707444,48362459
Old School,87055349,96981911
Take the Lead,34742066,65529952
Blue Crush,51842679,32723669
A Bronx Tale,17287898,37642620
The Full Monty,257850122,37448274
Affliction,6330054,14235135
Kramer vs. Kramer,106260000,35322610
The Informer,950000,9329750
Peter and Vandy,11276,22067336
Laura,2000000,26302135
The Born Losers,36000000,18157727
Friday the 13th Part VIII: Jason Takes Manhattan,14000000,32935543
The Great Gatsby,351040419,516004935
For Your Eyes Only,195312802,97300324
The Iron Lady,114956699,58310345
Death at a Funeral,49050886,32193520
Saving Grace,26330482,24930004
The Stepford Wives,102000000,71180549
The Best Years of Our Lives,23650000,41660689
Wedding Crashers,285176741,173730555
For Greater Glory - The True Story of Cristiada,9622846,10977597
A Prayer for the Dying,1432687,7983576
The Finest Hours,52099090,100442245
The Girl on the Train,173185859,230062345
Yves Saint Laurent,21026290,12517773
Get Rich or Die Tryin',46442528,51696041
The Transporter Refueled,72629670,49612562
Cinderfella,7100000,6036802
Blindness,19844979,41530965
The New Adventures of Pippi Longstocking,3569939,16456224
Underworld: Rise of the Lycans,91353501,190893624
Itty Bitty Titty Committee,18479,13639717
Secretariat,60251371,36083687
The Boondock Saints II: All Saints Day,10629321,35681112
Sin City,158733820,231785423
Exodus,21750000,62917005
Trainspotting,16491080,105378336
Black Gold,5446000,741072
Quills,7060876,35383616
The Emperor's New Groove,169327687,280665573
Point Blank,3200000,10325222
Backdraft,152368585,93855467
No Good Deed,53830415,15015310
Solarbabies,1579260,18933388
Watership Down,3713768,18551724
Confessions of a Dangerous Mind,33013805,66975732
Money Monster,93282604,98650972
Bachna Ae Haseeno,9600000,24672489
Sing,632443719,368505567
Transporter 2,85167639,131157762
Auto Focus,2062066,17705537
The Fifth Estate,8555008,68671038
Shadow of the Vampire,8279017,28244979
Mr. Saturday Night,13300000,0
Monkey Shines,5344577,20535500
Rush,90247624,183410513
Anjaana Anjaani,5900000,17346626
Serbuan maut,4105187,0
Wayne's World,121697323,48226825
Locke,4635300,0
Looney Tunes: Back in Action,68514844,64799036
This Is England,8176544,3111024
Wolf Creek 2,9630444,0
Annapolis,17496992,59063869
Soul Kitchen,17872796,16459330
The Quiet,381420,21305478
W.,29506464,53262504
Like Crazy,3542353,0
Me and Orson Welles,2336172,18791838
Vulgar,14904,29122065
Hellraiser III: Hell on Earth,12534961,17840639
La science des rÃŒÂ»ves,9524340,32994136
Under Siege 2: Dark Territory,104324083,35869166
Arundhati,14000000,13225604
A Walk to Remember,41227069,85186991
Saw II,152925093,88757527
Le fabuleux destin d'AmÃŒÂ©lie Poulain,173921954,138268940
Wolf Creek,27762648,27203167
Tora! Tora! Tora!,29548291,33631866
16 Blocks,65664721,138721160
Mars Needs Moms,38992758,95401767
Rock the Kasbah,3020664,5116143
Percy Jackson: Sea of Monsters,174578751,255034839
One-Eyed Jacks,4300000,21450996
Mr. & Mrs. Smith,478207520,447867562
Ouija,103590271,58253972
Code Name: The Cleaner,10337477,53240759
Chocolat,152500343,99081450
Sweeney Todd: The Demon Barber of Fleet Street,152000000,212234070
The Adventures of Sharkboy and Lavagirl,69425966,71729147
Mimic,25480490,68137777
The Astronaut Farmer,11130889,22965141
Disturbing Behavior,17507368,48642979
Tombstone,56505065,76555373
Presumed Innocent,221303188,51199428
Rough Night,45056771,93065310
Confessions of a Dangerous Mind,33013805,66975732
Mr. Destiny,15379253,22812147
Picture Perfect,44332015,35680650
Slumdog Millionaire,377910544,149664279
Gimme Shelter,1359910,0
ÂêÂ«Â«Â‘Ã‚_,88489643,58613251
Mr. Deeds,171269535,92305702
Brothers,43318349,68986597
Logan's Run,25000000,20725972
Power Rangers,142337240,267384377
47 Ronin,150962475,311664050
Super Mario Bros.,20915465,23142686
I'm Not Ashamed,2000000,64509024
Stormbreaker,23937870,33571712
Off Limits,7242035,10815615
Le dernier souffle,559298,65595535
Boomerang,70100000,52377379
Mickey,8000000,1196878
Perfect Stranger,73090611,81744448
Stay Tuned,10736401,35254002
Blood Diamond,170877916,338787603
What Just Happened,6673422,43331629
Gaby: A True Story,125400,0
Alone in the Dark,10442808,0
The Thin Man,1423000,11008461
RoboCop,53000000,107748542
Brooklyn Rules,458232,11739298
Nothing But the Truth,186702,17047544
Broken City,19701164,103897508
Behind the Burly Q,23859,0
Queen Christina,2610000,3614333
A Nightmare on Elm Street 3: Dream Warriors,44793222,52577127
Prefontaine,589304,3312495
Stay,8342132,108803879
Into the Woods,212902372,183104984
Hercules,252712101,287680969
The Faculty,40283321,61131990
There's Something About Mary,369884651,157439244
Dead Calm,7825000,44529382
Curse of the Pink Panther,4491986,26960831
Winter's Tale,30800231,138546181
Taxi to the Dark Side,274661,10394337
Hard Target,74189677,51101615
Batalla en el cielo,253527,3794038
Macabre,5000000,5818298
Heaven's Gate,3484331,87650692
Banlieue 13,9584131,64820329
7Aum Arivu,98900000,7171446
Cujo,21200000,38061698
Saving Silverman,19351569,64315413
Cars,461983149,566393862
Isn't She Great,3003296,21403422
Knockaround Guys,12000000,25334520
Pulp Fiction,213928762,239005376
Capote,49084830,42236408
Femme Fatale,16838910,47914725
A United Kingdom,13819139,39992406
PEEPLI [Live],6900000,4645339
The Scorpion King,165333180,149056364
Thirteen Days,34566746,77896430
Rock of Ages,59418613,81246143
Little Children,14821658,39477709
In Time,173930596,214435236
Sabotage,17508518,57291993
Office Christmas Party,114501299,128525631
Rush Hour 2,347325802,229821199
Batman: Mask of the Phantasm,5617391,19710833
Barton Fink,6153939,51692967
Antwone Fisher,23367586,35827504
All About the Benjamins,25482931,38884706
Mission: Impossible II,546388105,267644681
"Silent Night, Deadly Night Part 2",154323,18219983
The Sheltering Sky,2075084,18235933
Out of the Furnace,15400000,63770018
Predator,98235548,159162282
It Happened One Night,4500000,12235595
Set It Off,41590886,28276086
Aliens in the Attic,57881056,38511978
Rapa Nui,305070,43471582
Mozart and the Whale,84967,0
Barbershop: The Next Cut,55030051,57346264
Bridesmaids,288383523,179960250
The Apparition,9627492,32098104
Â‹Ã„Ã_Â‹Ã„Â©Â‹Ã¢Â«Â‹Ã„_Â‹Ã„ÃèÂ‹Ã„_Â‹Ã„Ã‡Z ÂŒ_Â©Â_Â«ÃˆÂ‹ÂÅÂ¨Â‹Ã›Ã_FÂ‹Ã›Âç,61768190,29572923
Surrogates,122444772,206670776
The Fog,46201432,55812295
The Buddy Holly Story,14363400,18370874
Breakout,16000000,11779845
Suite FranÃŒÂ_aise,9104716,11778145
Corpse Bride,117195061,196013126
The Boondock Saints,30471,12832851
The Prestige,109676311,358893684
Blood Feast,4000000,14826013
ÂŒÂçÂ_ÂèÂª_ÂèÃ‘ÂèÂ__Âª,213525736,94190303
Kidnap,24527158,28707449
Cursed,19294901,66486617
Blitz,741875,0
The Station Agent,8679814,18305535
Romeo Must Die,91036760,76385649
If I Stay,78874843,115652869
Missing in Action,22812411,28138733
The Contract,5549200,27996204
Cousins,22030000,36683470
Indecent Proposal,266614059,91376591
The Peanuts Movie,246233113,230188162
Layer Cake,11850214,55752829
Dick,27500000,30716379
Delivery Man,51164106,40804429
Road to Nowhere,27046,0
Inkheart,57490374,94355030
Despicable Me 2,970761885,468218518
Balada triste de trompeta,3218666,0
The Chronicles of Narnia: The Voyage of the Dawn Treader,415686217,209080687
Chronicle,145000000,136171482
The Greatest Game Ever Played,15431177,30732212
Snowden,37279439,111732556
Rent,31670620,72546604
Beasts of the Southern Wild,21107746,13268040
Sweet November,65754228,38995042
Justice League: The New Frontier,5231128,13271760
Dave Chappelle's Block Party,11718595,13927862
Mr. Popper's Penguins,187361754,124619426
The Lego Movie,469160692,310355692
Hot Pursuit,51680201,97429050
Nothing Left to Fear,1675381,0
Police Academy,146198896,50113854
Incarnate,6341855,0
What's Your Number?,30426096,35954476
The Raven,29657751,54795646
The Three Musketeers,132274484,170926309
Simpatico,929606,6732051
Orca: The Killer Whale,14717854,16784713
Child's Play 2,35763605,41320983
I Know Who Killed Me,9620399,21646233
Beyond the Valley of the Dolls,40000000,23938032
Kiss of the Dragon,64437847,51213118
The Good Shepherd,59908565,122347436
Grudge Match,44907260,71758748
Blade,131183530,199460447
The Simpsons Movie,527068851,316110900
Ladyhawke,18432000,57675680
Junior,37000000,111889419
Mickey,8000000,1196878
Barbershop 2:  Back in Business,65070412,27258983
Point Break,133718711,120258485
Porky's II: The Next Day,33759266,32860966
Barfi!,2804874,0
Best Man Down,1938,0
La doppia ora,4300000,1332635
The Bye Bye Man,26667197,763528
The Longest Ride,63013281,81043061
Bullitt,42300873,30522464
Idioterne,7235,26100613
Double Dragon,2341309,25647723
Evil Dead,97542952,118687885
Shaft,12121618,22315534
9 Songs,1574623,21145545
Waiting...,18637690,34554617
High Fidelity,47126295,69777041
Rock Star,16991902,70277636
War Horse,177584879,191670751
2046,19271312,30074759
Lion,140302754,115643658
Benvenuti al nord,35000000,17423816
Riding Giants,3166000,8033079
Invasion of the Body Snatchers,24046533,29380593
42nd Street,2281000,11593783
Let's Go to Prison,4630045,27688993
Paranormal Activity 4,142817992,45144108
He Got Game,21567853,33166917
The Intern,194564672,197859670
Blue in the Face,1275000,13510785
Halloween,70000000,38398235
Eternal Sunshine of the Spotless Mind,72258126,55632326
Divergent,288747895,431012776
Wait Until Dark,11000000,18216992
Absence of Malice,40716963,13722315
Ace in the Hole,1300000,20613302
Urban Legends: Final Cut,38574362,56840032
The Watch,68267862,91034388
Zaytoun,42330,0
Teenage Mutant Ninja Turtles II: The Secret of the Ooze,78000000,42737085
Special,7202,0
Bright Star,4440055,19752499
Strange Days,7959291,76953062
The Poseidon Adventure,84563118,29652151
Safety Not Guaranteed,4007792,9677182
Draft Day,28831145,42230726
Howard the Duck,37962774,50624799
Star Trek Into Darkness,467365246,761942498
Escape to Victory,27453418,22935896
Bangkok Dangerous,42487390,8053386
Gods and Monsters,6451628,28822932
The Andromeda Strain,12376563,34497876
The Big Hit,27007143,34793447
Steal Big Steal Little,6278139,14152164
Transformers: Age of Extinction,1091405097,623610763
Class of 1999,2459895,12121025
Rio,484635760,354722306
Beastmaster 2: Through the Portal of Time,869325,31140688
Simon Birch,18253415,35126903
The Jungle Book,966550600,628395057
Mission: Impossible,457696359,236195388
Bob & Carol & Ted & Alice,30000000,18220836
Les Invasions barbares,3432342,5634771
The Iron Giant,23159305,208159654
Duplex,19322135,61294059
Trespass,9612469,51833841
The Chase,8009329,1223395
Dikari,1328612,0
The Man Who Knew Too Little,13801755,47591010
One Flew Over the Cuckoo's Nest,108981275,43626946
The Hunger Games,691210692,588893960
The Quest,57400547,54999671
Clockers,13071518,50556988
Der RÃŒ_uber,208475,0
The Last Starfighter,28733290,42162324
Perfume: The Story of a Murderer,132180323,146407794
A Streetcar Named Desire,8000000,22436268
eXistenZ,2856712,36872532
Ice Princess,27645491,12013055
Thelma & Louise,45361000,74813485
Blended,123494610,137849916
CafÃŒÂ© Society,43763247,99549135
Jobs,35931410,38252103
Young Adult,22939027,40380450
A Man for All Seasons,28350000,26319420
Dennis the Menace,117270765,47593354
Barfly,3221568,14611520
Live Free or Die Hard,383531464,348592583
Chain Reaction,60209334,80943334
Todo sobre mi madre,67872296,34124771
Clouds of Sils Maria,1851517,0
Close Encounters of the Third Kind,303788635,141249821
Ultraviolet,31070211,52170985
Masters of the Universe,17336370,29043374
The Sisterhood of the Traveling Pants 2,44352417,57821964
Ant-Man,519311965,649655488
Josh,15000000,0
From Hell,74558115,98322925
Lucky Lady,24441725,8833622
Ghosts of Mars,14010832,43602627
Connie and Carla,11341016,37559437
Hope Springs,114281051,58783498
The Sum of All Fears,193000000,87049288
Tucker and Dale vs Evil,5476793,50909972
Zabriskie Point,1000000,6158480
The Happening,163403799,183646742
Mamma Mia!,609841637,224503145
The Verdict,53977250,24763074
The World's End,46089287,135633722
Norm of the North,17062499,15596857
Scooby-Doo,275650703,167567971
Chi bi,127814609,100595369
The Namesake,20138836,16825872
Spy,235666219,275029542
The Brothers Bloom,5530764,39930056
Black Gold,5446000,741072
The Birds,11403529,15409383
Explorers,9873044,48627328
The Aviator,102000000,241497473
Cars 2,559852396,440161168
Juice,20146880,23181617
Bel Ami,8303261,0
Badmaa$h Company,8500000,20103112
Pocahontas,346079773,213050775
Love's Labour's Lost,299792,24293310
Running Time,1596,0
High Anxiety,31063038,28843295
Lakeview Terrace,27640028,39737245
Chicken Run,224834564,144531900
New Year's Eve,142044638,140302452
August Rush,66122026,81030327
Surviving the Game,7690013,23786028
Ninja Assassin,60462347,83503425
Frantic,17637950,35155911
The Ten Commandments,122700000,98782023
Minority Report,358372926,409277906
Identity,90259536,139989920
No Escape,54418872,19160850
Side Effects,63372757,115894374
How Stella Got Her Groove Back,37672350,37987740
Saw 3D,136150434,80548361
An Inconvenient Truth,46243000,29553239
42,95020213,81932121
Notes on a Scandal,49469904,35676005
The Transformers: The Movie,5849647,17113309
Death Race 2000,8000000,17239586
Flubber,177977226,141737738
Ali,87713825,159781472
Danny Collins,10835752,24664656
Roadgames,100000,11462420
Scream 2,172363301,100412290
TMNT,95608995,70952346
Sky High,86369815,108991167
The Big Lebowski,46189568,148743691
Home Alone 2: Lost in New York,358991681,244030789
Daddy's Little Girls,31609243,22441199
Queen of the Damned,45479110,46368191
The Hobbit: The Battle of the Five Armies,956019788,923083768
Raising Cain,37170057,34566873
Harry Potter and the Goblet of Fire,895921036,754996608
A Hologram for the King,4212494,7061104
Ride with the Devil,635096,46888087
3:10 to Yuma,70016220,184642790
Pretty Woman,463000000,150671303
Ringmaster,9247881,22392121
Takers,69055695,71274256
Flicka,21000000,20563629
Due Date,211780824,237756431
Dragon: The Bruce Lee Story,63513743,41488620
Crimson Tide,157387195,110100248
The Innkeepers,78396,0
Center Stage,17200925,36267498
ÃŒÂ on Flux,52304001,68254813
Cien aÃŒÂ±os de perdÃŒ_n,12118661,33937271
Kaappari,532269,0
Trapeze,14400000,11380886
Miranda,834332,0
Life of Pi,609016565,579772702
2 Coelhos,1620436,6822667
The Fighter,93617009,133126399
The Boy,64188367,56873996
Doctor Who,42000000,19192276
The Fountain,15304890,116913789
Wild,52501541,38135445
The Adventures of Tintin,371940071,375286200
The Wicker Man,38755073,37275220
Silver Linings Playbook,205738714,232101477
Sweet Charity,20000000,13930267
Deception,17741298,40363617
Never Say Never Again,160000000,90822880
Dangerous Liaisons,34670720,36003195
Logan,616801808,566670036
The Imaginarium of Doctor Parnassus,64352607,99563093
Conan the Barbarian,48795021,76973965
The Signal,600896,0
Chloe,8459458,0
Transporter 3,108979549,147814150
Interstellar,675120017,1017331796
The First Power,22424195,18980471
Dog Day Afternoon,46665856,32343232
Save the Last Dance,91038276,53063220
"Il buono, il brutto, il cattivo",6000000,3716299
Taxi 3,65497208,52601639
"O Brother, Where Art Thou?",71868327,115596506
Paul Blart: Mall Cop,183293131,84272352
Death Wish,22000000,24785860
Infamous,1151330,15942376
About Last Night,49002684,23479541
Pirates of the Caribbean: On Stranger Tides,1045713802,1069100854
The Huntsman: Winter's War,164602163,383649051
Let's Be Cops,136621271,71858747
Free Willy,153698625,46871854
Love Me Tender,9000000,18745692
Seventh Son,114178613,108383689
Frankenstein,112006296,84401537
Madagascar: Escape 2 Africa,603900354,408280857
Jingle All the Way,129832389,118908406
Warrior,23057115,80551951
Ladri di biciclette,361712,0
Conversations with Other Women,973525,10110798
Love & Basketball,27728118,12021519
I'm No Angel,2850000,1274881
Fright Night,24922237,53461697
Charlie's Angels,264105545,234646515
World Trade Center,162945894,105345792
Adaptation.,32801173,56908985
A Cure for Wellness,26559557,80875897
Calendar Girl,2570145,11291365
Dolphin Tale 2,52424533,46872202
Unknown,130786397,134551196
The Relic,33956608,42426210
Evan Almighty,173000000,272260490
The Last Emperor,43984230,53681021
Dirty Grandpa,94073028,105044387
Adore,318982,0
No se Aceptan Devoluciones,99067206,18004124
Heartbreak Ridge,42724017,62328674
Dominion: Prequel to the Exorcist,251495,552175
Grimsby,25182929,107710313
Mio min Mio,2300000,4905441
Winter Passing,113783,0
Taking Lives,65470529,78266516
Chill Factor,11263966,82498068
The Four Feathers,29882645,67348202
Italiano medio,4541800,23442555
Water for Elephants,114156230,141815581
Scaramouche,6746000,4104215
Ghosts of the Abyss,17040871,0
Tea with Mussolini,21001563,24962739
What About Bob?,63710000,58604178
La Belle et la BÃŒÂ»te,49100000,70856682
Major League,49797148,38529393
Machete Kills,15008161,36764120
Bad Boys,141407024,196910086
Anchorman 2: The Legend Continues,173649015,145429910
Se7en,327311859,366859547
The Beaver,970816,43463220
Heaven is for Real,101332962,22018808
Jason Goes to Hell: The Final Friday,15938065,33007879
Lincoln,275293450,272786013
Larry Crowne,36160375,45621675
Don't Say a Word,100020092,54494025
"First Love, Last Rites",40542,0
Planes,219788712,112304864
Bad Santa,76488889,58926737
Colonia,3621046,11703765
Seed of Chucky,24829644,41084372
The Mortal Instruments: City of Bones,90565421,186580454
Basic Instinct 2,38629478,44135057
Vizontele Tuuba,13954476,0
Reign Over Me,22222308,39921705
Rudy,22750363,30239688
ParaNorman,107139399,144209007
Shikshanachya Aaicha Gho,520000,45612271
Mad Max Beyond Thunderdome,36230219,98844771
Miracle,64445708,58292111
Shame,17693675,42127794
Legends of Oz: Dorothy's Return,18662027,87744185
Hoosiers,28607524,25942312
The Apartment,25000000,23226718
Big Momma's House,173959438,102383803
Apocalypto,120175290,172457199
Where the Wild Things Are,100086793,70949995
The Perfect Game,3878993,4451858
Elizabeth,82150642,47724116
Agent Cody Banks 2: Destination London,28818995,27972659
Heist,4100000,13455759
Disconnect,3428048,0
Message in a Bottle,118880016,67983552
Something Wicked This Way Comes,5656087,14911842
The Nutcracker: The Untold Story,16178959,0
Heavy Traffic,1500000,12138470
Truth,2541554,45980935
Contagion,137551594,158371999
Bamako,111000,0
The Girl Next Door,30411183,97058042
La vita ÃŒÂ¬ bella,229400000,136496683
Showdown in Little Tokyo,2275557,33174295
True Romance,12281551,84642680
A Nightmare on Elm Street Part 2: Freddy's Revenge,29999213,30319945
One Hundred and One Dalmatians,215880014,115946748
Zombieland,102391382,195848285
Intolerable Cruelty,119940815,93948218
Gossip,5108820,29139083
Faster,23081726,54749124
The Fast and the Furious,207283925,304960341
Fortress,6739141,27432881
Match Point,85306374,79059411
The Romantics,123820,830208
Barbershop,75781642,26284900
My Beautiful Laundrette,2451545,19107163
Sphere,13100000,76967649
ÂèÃœÂ±Â_ÃùÃ£,177394432,85801021
"Crazy, Stupid, Love.",142851197,208471031
The Social Network,224920315,317703600
Legend,42972994,80715060
The Wind That Shakes the Barley,22889018,32396442
Meet the Fockers,516642939,224517612
Razorback,801000,26333405
The Arrival,14048372,28195195
The Good Doctor,5206,0
The Departed,289847354,405026904
The Believer,416925,11071749
Blind Date,39321715,33377204
Vaali,500000,0
Brother,15250000,13046817
Memento,39723096,240024521
Tropic Thunder,188072649,272023854
A Room with a View,20966644,24955161
Life of Brian,20045115,4582544
Gridiron Gang,41480851,35606016
A Haunted House,60141683,19597980
Airport '77,30000000,27155470
The Air Up There,21011500,21625805
The Three Burials of Melquiades Estrada,12036149,24078035
Hard Rain,19870567,0
Speed,350448145,220477326
TRON: Legacy,400062763,558342715
Teenage Mutant Ninja Turtles,477200000,376535339
Nutty Professor II: The Klumps,123307945,116789088
Tutta la vita davanti,4250000,5758336
The Devil's Own,140807547,102511436
Ernest Goes to Camp,23509382,24728172
A Countess from Hong Kong,2000000,21846160
Lawrence of Arabia,69995385,136789678
La isla mÃŒ_nima,5169755,3142616
Can't Hardly Wait,25605015,34936342
Grandma,7087452,8809097
Sparrows,966878,0
Nighthawks,19905359,29235042
Wabash Avenue,2039000,0
Pi,3221152,36821989
Elle s'appelait Sarah,17511906,7479619
The Flintstones in Viva Rock Vegas,59468275,77717952
The Secret Life of Bees,38105395,25206465
I Am Legend,585349010,707115371
Harsh Times,5967038,36359636
Immortals,226904017,171054011
Mirrors,72436439,78163191
Lake Placid,56870414,51974880
Any Given Sunday,100230832,128713808
North Country,25224242,49469116
London Has Fallen,205754447,169083480
Milk,54586584,68285379
Another Year,18124262,10618300
The Bourne Supremacy,288500217,350458599
Not Fade Away,610792,12491089
Bottle Rocket,560069,42255397
Horton Hears a Who!,297138014,190140578
Sing Street,13624522,55177881
Mystic River,156822020,160971582
Cloud Atlas,130482868,304376363
Hook,300854823,287304425
Las aventuras de Tadeo Jones,23000000,5369748
Carlos,871279,230443236
Dune,30925690,27288306
Choke,3830137,26490091
Zack and Miri Make a Porno,42105111,65650930
Valiant,19478106,79742414
In Cold Blood,13007551,22147141
Marie Antoinette,60474340,87906727
The Black Cauldron,21288692,56956470
The Ring,249348933,227419665
The Dreamers,15121165,26005541
Morgan,8810591,34424342
The Musketeer,27053815,35228315
Dead Man Walking,39363635,51549902
The Abyss,90000098,153566638
The Woman in Black,127730736,62021455
Risky Business,63541777,44187159
Ninotchka,2279000,14238692
Lolita,1060056,70603643
Love in the Time of Cholera,4607608,68603088
Une Femme est une femme,100655,4602947
9,48428063,77649130
Dabba,4235151,0
Johnny English,160583018,112797200
One Hour Photo,52223306,50100935
Tears of the Sun,85632458,112063355
Dracula 2000,33000337,31370153
Five Graves to Cairo,1200000,0
The Grey,77278331,93953480
Foolproof,460978,910494
Lost in Translation,119723856,76556249
Fair Game,11534477,80276119
Daddy Day Camp,18197398,46752762
Fright Night,24922237,33934301
Elegy,14894347,20842270
Miss Peregrine's Home for Peculiar Children,296485719,451628558
On the Road,8784318,10849720
Jason X,16951798,23423946
How High,31155435,36248757
The Majestic,37317558,98518533
Rushmore,17096053,57068124
Warlords of the 21st Century,3000000,31396866
Scary Movie 5,78378744,90763789
Zero Effect,1980338,27260859
Dark Water,25473093,23180319
Rescue Dawn,7177143,3071914
Texas Chainsaw 3D,47241945,41391222
The Conspirator,15478800,11974863
Allied,119520023,284798894
Fletch,59612888,33760287
Unfaithful,119137784,88904737
Avengers: Endgame,807688784,1184510160
Aladdin,275318394,544817447
John Wick: Chapter 3 – Parabellum,187705342,236730643